Feature.ID	p.Value	rab.all	rab.win.Rh	rab.win.Bs	diff.btw	diff.win	effect	overlap
3-HYDROXYPHENYLACETATE-DEGRADATION-PWY	0.009318456467437555	-0.4216605049705038	-0.24212023254588022	-0.8423128263665873	-0.5893146681672379	0.5428832302957982	-0.7793508482419355	0.20020000156028814
ANAEROFRUCAT-PWY	0.02634956530265055	3.2594434361040903	3.182056472718898	3.341630086169539	0.1575490095648835	0.23735463727677342	0.5890393161299371	0.22975405046223388
ANAGLYCOLYSIS-PWY	0.0021926320818584015	3.8035008074210297	3.6303756260293043	3.934193939519097	0.3244899232913965	0.4142676343384246	0.5731358097837753	0.17420000188732537
ARGDEG-PWY	0.012271078347434537	-2.6167608661006767	-2.1058343725111204	-2.987861039204466	-0.8975947127452581	1.7247531847906954	-0.5002064971518817	0.28114377214780684
ARGSYN-PWY	0.006186612544582172	3.5922319598293595	3.424240312531873	3.702329733008104	0.2984743317794316	0.48305613902937417	0.49837844849678026	0.2008000015536785
ARGSYNBSUB-PWY	0.007934545616573632	3.692623273786139	3.518774796539802	3.8094361694147785	0.2976907896043315	0.47295119726238255	0.5123248114101321	0.19420000162846981
ARO-PWY	0.031054355504258155	3.691776462161395	3.536650143681386	3.788533976324841	0.257198942802241	0.4708758596576659	0.4591614804044015	0.20460000151264868
AST-PWY	1.82306277320689e-5	2.0805583452644676	1.81924983257292	2.2988487580204	0.682353346450606	1.6709751301914233	0.4497934208135488	0.2612000010312242
BRANCHED-CHAIN-AA-SYN-PWY	0.02645349585524166	4.242507921470784	4.0950541670684455	4.347182230684098	0.26644895694989534	0.4259386518966308	0.47319117590934034	0.19440000162613408
CALVIN-PWY	0.005835009023510517	3.6376794163389325	3.503383501644385	3.7330133933720533	0.21382559621327157	0.31299886988411574	0.6200112265236815	0.2183563301088344
CATECHOL-ORTHO-CLEAVAGE-PWY	1.6973291877147334e-7	-0.42419869859588744	-0.1916612683513934	-0.9442197119615612	-0.7216128024360406	0.5704536318555311	-1.0727922447993237	0.14897020826526233
CENTFERM-PWY	0.009693380741301064	-0.7758271954852356	-1.0310141846938494	-0.5387148086260822	0.465427467139512	0.6302939731460278	0.6860224364339846	0.22700000129651043
COA-PWY	0.018031289101050674	3.5962427940607307	3.4349283575636225	3.6880283436288273	0.26358684388214604	0.4312320152287423	0.5013267747529082	0.20860000147095034
COBALSYN-PWY	0.027942138405549852	2.7752993823441248	2.5633345427402485	2.9348595412825693	0.39194420405636965	0.7759439096780629	0.3969427797638002	0.25060000110667585
CODH-PWY	1.4487895708749902e-4	-0.6142130574771478	-0.8395366779980611	-0.16301327341886473	0.7213905026991263	0.647310609652215	0.8812298564174754	0.18820000170069423
COMPLETE-ARO-PWY	0.028351217957686827	3.7727298665252365	3.6156758713178028	3.870204165286476	0.2619754436470245	0.4825052301776265	0.46413774056759094	0.20460000151264868
DENITRIFICATION-PWY	3.047171317527273e-6	1.8742981051421896	1.3820033443437643	2.105761503376014	0.8300454953933007	1.5492334499865805	0.5613802363665721	0.2214000013468149
DHGLUCONATE-PYR-CAT-PWY	9.279345793724201e-9	1.8861807108467357	1.498495319627188	2.1370425890602407	0.7625751142222672	1.421961727552496	0.6046627132588438	0.2201559701639985
ECASYN-PWY	0.0399760173179118	-4.428013513599158	-3.5943772638142457	-4.928455399015404	-1.3592394825521605	1.8001596272722393	-0.683775995049452	0.19320000164021628
ENTBACSYN-PWY	0.018215682235562452	0.6374334191945321	0.7292717959932657	0.490161369943797	-0.2424420854131455	0.5207678045354189	-0.4477791534204226	0.2858000008744927
FERMENTATION-PWY	0.011143858905540115	2.9184821130478396	2.8213805791056963	3.002347689545296	0.18813792908477023	0.2982325052027557	0.561500955016119	0.23620000121852372
FOLSYN-PWY	0.01737142712894079	3.4811872461083335	3.3037136792314894	3.589477537614061	0.30803366976954605	0.6251941949556055	0.4435908974823135	0.2100000014567006
FUCCAT-PWY	8.43016424925593e-4	-2.814406648734521	-2.267541170509019	-3.114166382424097	-0.8542244414112323	1.0955383974734865	-0.7100950933273384	0.20155968960713103
GALACT-GLUCUROCAT-PWY	2.7143415067727327e-5	0.9799355329101198	1.0958900000349	0.7333914794846974	-0.35652626210615335	0.4462189117742881	-0.7327165452747624	0.2008000015536785
GALACTARDEG-PWY	5.722611421064376e-7	-0.07823272823316163	0.0873238359504187	-0.3434021697894245	-0.41574813235370023	0.42749904770711655	-0.8900193533031138	0.13917216807574642
GALACTUROCAT-PWY	0.010993736994984729	1.840582038570723	1.9272897215241045	1.6746386965044744	-0.23863269229648054	0.37378020541436285	-0.5652348618121333	0.2516000010993247
GLUCARDEG-PWY	9.146524094156974e-6	0.07602660658967775	0.21495442869831027	-0.1620008172344285	-0.36996656694449737	0.45511545394986186	-0.7409621918012768	0.17536492888457253
GLUCARGALACTSUPER-PWY	5.542484784943724e-7	-0.07741107795537783	0.08767765097407221	-0.34373426941272633	-0.4061370340789141	0.4287369622859414	-0.8657465823321662	0.1466000023539577
GLUCONEO-PWY	0.03376928730005888	3.615162075382066	3.449151269361552	3.7192955770869447	0.28710333293629464	0.47816962768416893	0.43653559001028625	0.20055988957809257
GLUCOSE1PMETAB-PWY	7.522197697123382e-5	2.672484151367563	2.4612480240567676	2.820269889558582	0.5048388113824425	1.2299906276471182	0.44047999316952746	0.2588000010478434
GLUTORN-PWY	0.03696094757445091	3.6794858161033854	3.515433908397364	3.8028419890688343	0.2951737056469539	0.5800172296616855	0.45487364611623116	0.20495900970660172
GLYCOL-GLYOXDEG-PWY	9.830378916699607e-4	-3.2870321726211635	-3.6228866293687654	-3.0617260579584453	0.5261984538779885	0.6198857900566344	0.7701855174368581	0.20895820982502905
GLYCOLYSIS	0.0036475223951117908	3.68971296780904	3.4980797850388243	3.827496732833143	0.34146537650806597	0.5080831541384674	0.5096071313552817	0.1830000017668711
GLYCOLYSIS-E-D	0.04815932000832859	3.4622049679817395	3.2910056070278917	3.5716997290258283	0.2930235138292683	0.522852882060834	0.40912806866123264	0.20940000146278615
GLYCOLYSIS-TCA-GLYOX-BYPASS	0.015902244964912403	3.462402166622474	3.322769902260246	3.5466777688020628	0.24877555964378972	0.46872552594997785	0.44890031412163267	0.21600000139754968
GOLPDLCAT-PWY	2.3327868774686533e-4	-3.3618122166342896	-3.79329950385765	-2.9034328711103035	0.8349888423057887	0.7967588494136066	0.9211412670706636	0.17820000183117957
HEMESYN2-PWY	0.036947894667894624	3.557935082170483	3.380298270934838	3.6559187803547797	0.2810775836134711	0.4993358109712438	0.4277701646370909	0.2091581698309887
HISTSYN-PWY	0.0163592994962617	3.583923361265638	3.4124642736642943	3.689431757465703	0.2812838508227249	0.46580943097505445	0.4997773797405012	0.19656068946296973
ILEUSYN-PWY	0.03130445410572373	4.557960671099206	4.416501423536682	4.680139475317034	0.2841370118005879	0.4470134344701995	0.4727048374191838	0.1900000016785791
KDO-NAGLIPASYN-PWY	0.02808278765088171	-0.7688075611691918	-0.5163928340668571	-0.9870198342326173	-0.5833821609922278	1.0021774129548833	-0.5551483629129471	0.2737452518978074
KETOGLUCONMET-PWY	0.00494195950855624	-0.1790357074585902	-0.0014322148008254487	-0.6238125031580637	-0.6135659383959764	0.6620187060837557	-0.7743009348388865	0.2143571299871654
LEU-DEG2-PWY	0.025963151402751922	3.374047242790354	3.1635573836261655	3.485799532557826	0.35805190707486023	0.7249386232595003	0.3980840206934434	0.2286000012825452
LIPASYN-PWY	5.75372670067274e-4	-2.317310557384843	-1.9141928296649535	-2.623405111521671	-0.7500277556678272	0.9285807544723266	-0.7575120880502816	0.19956008954915522
MET-SAM-PWY	5.598438296669356e-4	2.922141238379453	2.843114262426779	3.0232553818687444	0.17587804049243516	0.20921747923876666	0.7655858478203093	0.19900000157361927
METH-ACETATE-PWY	0.02316171270310091	-3.404529980577803	-3.7279346960404744	-3.0298026429757314	0.7037173211487726	1.3240014988548525	0.5149977246130565	0.27160000096208875
NAD-BIOSYNTHESIS-II	4.0872885440808684e-5	2.2833675653779206	2.06333206561356	2.456486544535358	0.5892811207260373	1.40826798454819	0.45289860753810995	0.23620000121852372
NONMEVIPP-PWY	0.03426742481618868	3.4842967843795725	3.331894271695405	3.578823202868371	0.2608327388040812	0.4648776192657107	0.4560133069232931	0.2077584497893464
OANTIGEN-PWY	0.005614667741149568	3.5148083170793973	3.369919661703604	3.6116090358881787	0.2370771761190782	0.36388623072972504	0.6063728981449361	0.2110000014466288
ORNARGDEG-PWY	0.012276626350420455	-2.6169697385173176	-2.1063890731510435	-2.9914420092450857	-0.9244887923909637	1.7579945078819037	-0.5160925426678586	0.27960000091184195
P101-PWY	4.400917210489105e-6	2.389163705812594	2.1105862085408393	2.6064113323368066	0.6245368779897036	1.346397621473435	0.5017517565689027	0.2384000012006691
P161-PWY	8.615101768947871e-8	1.9458746751449825	1.8037827178142667	2.1555399046747246	0.3731008381468035	0.36335815486544476	0.946572648119463	0.14040000248298953
P184-PWY	0.004920065256236998	-0.8544169550849823	-0.6167539934904145	-1.0105489265579752	-0.3598029765021611	0.534169029140477	-0.6580183441873755	0.22420000132137968
P221-PWY	1.7338230014398346e-7	2.5245418778582644	2.1833378319375676	2.788982301246434	0.8431538162867698	1.9101186374854375	0.5364423596312442	0.23655269067726314
P23-PWY	0.0016858953678051969	3.417972239681389	3.2848717385276984	3.582500379119801	0.3123146521377729	0.3339842467832792	0.8182116602544864	0.1799640090050076
P281-PWY	9.487712640763245e-7	0.44427498173274227	0.6026095853221021	0.2005460366289098	-0.4150063805107882	0.3988905097024933	-0.9744019169406963	0.15500000219507545
P4-PWY	1.1771507716186641e-4	3.2554931109453062	3.157062171447914	3.3566423593657686	0.19133780159728708	0.19489849641890267	0.9033964426231773	0.16620000200729942
P42-PWY	8.932938475676848e-7	3.1573700378439726	2.9687088473628624	3.306015837844491	0.3605450224932212	0.33398598812298186	1.008299317270634	0.13097380793970553
P621-PWY	1.6360089084827684e-8	-1.6574825220999134	-1.3649821058312943	-1.9969630747728573	-0.6591668898118543	0.6539298815319246	-0.9892963908903762	0.13157368794887075
PEPTIDOGLYCANSYN-PWY	0.007134582561624667	3.5750216514742945	3.4008822309805486	3.682615868586026	0.2872953424600162	0.4352091398157403	0.52718815120958	0.1875624892104382
PHOSLIPSYN-PWY	0.010430293935438019	3.9074260606478726	3.7361367365720337	4.008377106481265	0.2780700500986075	0.4592825226436168	0.5126892459843022	0.20820000147505377
POLYISOPRENSYN-PWY	0.028349880354323034	3.5779262245210455	3.4226214353910627	3.6663419572022375	0.2511814741514642	0.43061123931274015	0.47023876585804875	0.20640000149370036
PWY-1501	6.121582693585145e-10	-1.83202377327867	-1.5249859553443592	-2.1439652953565558	-0.6180260707857803	0.47637551359343355	-1.2356211597456719	0.09580000388852568
PWY-2941	0.001911025329655887	-0.1645098660485873	-0.5322951444388426	0.16553876627650954	0.6385622686908476	0.8043011323231379	0.741592669516114	0.22160000134497865
PWY-3661	0.011385368413486072	-0.09872648039719234	0.21650739166565725	-0.2745417024995005	-0.5391975248468688	0.8534799039703547	-0.6101086695232943	0.25660000106331055
PWY-3781	0.01576450933595457	5.136964232162297	5.010264120287863	5.224106824251292	0.22537540756244612	0.3617955942429272	0.5377246043981316	0.21080000144863625
PWY-4361	0.009173432159338461	-2.061788351191904	-2.3138520880619025	-1.7657224939830822	0.5744465736449706	0.8041149623466533	0.6509175312154566	0.24080000118151978
PWY-5022	0.009674736037214039	2.8001317971435498	2.6099533072819243	2.952097611649582	0.4003167194012702	0.8539034100513252	0.4029520802586163	0.24375125090801428
PWY-5100	0.003451409789373747	2.3257081878151125	2.2163099009022496	2.556566070194915	0.3713466891634365	0.3926663515733386	0.7927808032003991	0.18656268918297644
PWY-5101	0.033212113028572104	4.566682402082018	4.4266376386095505	4.680739723972122	0.2761048763742875	0.41944768380330233	0.4742802788334519	0.18900000169081618
PWY-5103	0.026453136945547517	4.073755802219695	3.916980703246123	4.178203343499435	0.27738950322120726	0.43561614991730035	0.4869317388184752	0.18996200927685086
PWY-5121	0.008353351592690053	3.4787135153337467	3.308538697215297	3.5772409045066444	0.28869477655647424	0.44947157213958855	0.5213208844848073	0.19500000161915396
PWY-5154	0.006438812370566344	3.632865407178825	3.459628574738581	3.761769647580394	0.3145085334465616	0.5066548956373307	0.48987334753373124	0.21240000143267415
PWY-5188	0.04416986880992087	3.631607066414569	3.488873694252562	3.721989078719012	0.23995539850825764	0.42410143508672693	0.4623079569738821	0.21975605015171798
PWY-5189	0.049094072121344916	3.5535608605354168	3.4096253950309032	3.645397947160011	0.24553132300935765	0.4313829946415666	0.4598389746821716	0.21175764990878637
PWY-5304	0.043428510090333224	0.3187472549184447	0.24498943458490707	0.4922938569007629	0.2579679423235737	0.44470263351296335	0.5356311759737221	0.2702000009711349
PWY-5384	2.0800063997863518e-4	2.494027489901499	2.2961005098795777	2.6908905640711245	0.5339944283734575	1.2508058654700402	0.4344479252691097	0.25654869132519637
PWY-5417	8.20669670589547e-6	-0.41744295012432087	-0.2163078224802799	-0.8793923058457729	-0.6347001056658241	0.500333113075035	-1.0377030364590216	0.15760000214920544
PWY-5431	8.399733096428904e-6	-0.4174248642188667	-0.21597928356418894	-0.8782226899519578	-0.6328130850496656	0.5094214823678298	-0.9999057601728907	0.16116776853445106
PWY-5484	5.4351109324247214e-5	3.522221312115422	3.332555859846161	3.657698124334673	0.33221247724404	0.4578227703700759	0.6182020217079304	0.18920000168835907
PWY-5509	0.025561437847967647	2.60222664295363	2.4096605427462823	2.7635760138679544	0.4356074179072138	0.9934284847946113	0.3930623609083477	0.2472000011320559
PWY-5659	0.0031283242403996885	3.8423697364483993	3.657477692304093	3.938318456810621	0.28741272075472724	0.44931291032154386	0.544230849776949	0.1977604494973296
PWY-5667	0.03143249945725933	3.975435564812846	3.8231617073742865	4.065733514678794	0.247591054629535	0.43681469500097236	0.46406656824192183	0.20955808984291902
PWY-5686	0.017619456146323265	3.8042835384741287	3.64473520824449	3.9006407918085966	0.2614222733594147	0.4107339452218084	0.5043597247472518	0.2073585297774812
PWY-5747	0.003363233536745966	2.1418438202199184	1.9329305928808767	2.3309702582521483	0.50967928938352	1.2698042340159565	0.3927661273232072	0.26920000097764457
PWY-5838	0.0016173485316666107	1.4007917282859808	1.3270376722936925	1.578940702009266	0.25049739592264597	0.3209741399794446	0.7476591667538939	0.21315736995091933
PWY-5840	9.105038541784874e-4	1.3193527961714082	1.2411886857781864	1.5061970764143346	0.2629238717136744	0.31847218058960713	0.7720840440594182	0.20580000149998248
PWY-5861	0.008333724727475867	0.9287914303314828	0.8539862241120266	1.1170168965201217	0.269752360364949	0.3545267186031893	0.6917311604960181	0.2331533705693793
PWY-5897	0.006434413012188934	1.2767293255793017	1.2068017575757501	1.4534486743129156	0.2496484967721937	0.3376983115392802	0.6726257117805129	0.23415317060103488
PWY-5898	0.006512358371255163	1.2763788061440806	1.2070922534384474	1.4539161485384717	0.24195649730491198	0.33491727546425754	0.6623857424860515	0.2420000011720705
PWY-5899	0.00641022669718049	1.276808687207983	1.2068114788263529	1.4531911317925097	0.2391301522902447	0.33834546188571224	0.6505874596303788	0.2384000012006691
PWY-5920	3.6319841006645845e-4	2.661326212841577	2.5717383342462865	2.814579248890432	0.2459457482119909	0.2526929912929292	0.8821424261068898	0.1766000018533488
PWY-6071	6.309111506581694e-9	-0.0023396092920036082	0.17839878177818402	-0.21948673143351183	-0.3966040871545946	0.2683394734315492	-1.3945489760998049	0.05378924945457385
PWY-6107	3.020842578609438e-4	-1.5847879993989897	-1.3649405528148613	-1.786900081294588	-0.4558667603580906	0.6785134543566738	-0.6325291678330309	0.22440000131958487
PWY-6121	0.04931454671926038	3.727812740930866	3.584431211939816	3.8184382035188444	0.23695738021235568	0.41676146556456306	0.4649005739658615	0.22460000131779284
PWY-6122	0.030195523529825005	3.747683548949788	3.5994853404773255	3.8391404633658723	0.2452479255884894	0.42218840122717083	0.4820915493925548	0.21760000138227922
PWY-6123	0.01817654473476116	3.55479282871011	3.3928170706119505	3.6523416783418954	0.2767771800414911	0.44030279187423504	0.5207837189794662	0.1977604494973296
PWY-6125	0.01402107784095825	3.736729135598802	3.5711209989884565	3.8383327697089853	0.2816175023844685	0.43014895050389024	0.5005665455538835	0.19756048949159255
PWY-6126	0.01848591074647472	3.8378241774766644	3.6753103250012242	3.936606156770327	0.2737608517399366	0.45914370463850673	0.47515697454495787	0.20000000156249992
PWY-6151	0.02338393706025444	2.8330703299728963	2.6888386644718594	2.9757971022217387	0.3504065610678717	0.6668119210465333	0.38953720333883135	0.2360000012201613
PWY-6163	0.035433009180151395	3.63027763451252	3.4746142443364167	3.7246402708036674	0.25268365124088055	0.49617253701762953	0.4503356154389171	0.2093581298369522
PWY-6182	1.2796038068373451e-5	-0.30808454003188235	-0.10649117312379541	-0.7578415156095115	-0.6226561178603065	0.47940689675755976	-1.0339224820046615	0.16216756855791786
PWY-6185	6.518304544258889e-8	-0.7023135321863387	-0.4764048358846491	-1.3037265397565463	-0.8038881056665961	0.6524393454297464	-0.9878728593295742	0.17440000188446006
PWY-621	2.553218084092366e-4	2.4943728456057794	2.2957740437898746	2.6907809403236094	0.5438963350608024	1.2737714131828444	0.4455435969883374	0.25994801143736534
PWY-6269	0.02482440157478895	2.615465221163312	2.4242299528151676	2.777322389502034	0.4110224558821862	0.9489944258490679	0.3899624371253095	0.2548000010761356
PWY-6277	0.030217323003222538	3.747724855634549	3.5998559574339035	3.8386911130166617	0.24513716973365485	0.4181270436143043	0.4925446120684065	0.2143571299871654
PWY-6338	0.011864663428410768	-1.6985650688932896	-1.440891504322594	-1.8707893808170528	-0.37113178517735346	0.5819285693430691	-0.5970775655579804	0.2593481314175321
PWY-6353	0.020618377678240332	3.4681752212290853	3.3165473077500196	3.581892978784299	0.27573106435944794	0.44961488810584527	0.4309410465734274	0.21120000144462484
PWY-6385	0.011569362594194334	3.4950562343247813	3.3256920403585384	3.604156836685357	0.28152920526495473	0.460177752480873	0.4908508844986175	0.19320000164021628
PWY-6386	0.011086507215558294	3.4889518022513935	3.3187626798402605	3.6004554594306786	0.2839330001831817	0.4327619746312248	0.5207725463040969	0.19536092942876537
PWY-6387	0.006885788990285955	3.5803679088100897	3.405092489265987	3.6883957282679214	0.2843901732044549	0.4340723165135585	0.5241449303850656	0.1925614893495764
PWY-6507	0.0010585535884181927	1.8009240276334166	1.9052700263640938	1.5824086348283677	-0.3288661560007604	0.3666858318252677	-0.8240736439884984	0.19600000160760794
PWY-6590	0.008155622082994153	-0.44315370806804744	-0.6989604361559394	-0.20893807715703883	0.44925675350652927	0.6182403565985242	0.6781617970792827	0.2243551302936646
PWY-6608	0.0013691555702946133	3.571465768301073	3.366309631517659	3.7162214780314984	0.35450743040017274	0.4885957285836491	0.5562285029964367	0.17300000190464845
PWY-6609	2.293550544078814e-5	3.236428083146664	2.9954916705456345	3.439199636888302	0.4444312833507782	0.4901586155530593	0.7138138357909245	0.15400000221311394
PWY-6612	0.00999354820907367	3.421904658741362	3.230719292739392	3.5331845415350136	0.33204350716675135	0.554262615431794	0.46355805470272804	0.20355928966550674
PWY-6628	0.01631991059799656	3.4347898060426725	3.2723115348799703	3.5622901143650485	0.30746942980773984	0.6088816621083648	0.4269945008740412	0.23055389048737646
PWY-6630	7.912584272463531e-4	3.3668470438574287	3.2134073628172257	3.483548800346379	0.262417181802026	0.4651299110554463	0.5106779768982999	0.23775245071550982
PWY-6876	4.594700911978948e-12	-0.1671387592915785	0.18550598330921364	-0.426267612622107	-0.6215545649096708	0.5768280168814242	-1.0298753301637489	0.11817636777913117
PWY-6897	0.011955842354482951	3.6583913080777557	3.4818782830725823	3.755059567065059	0.28755066782086125	0.44951137758343584	0.5012378849698961	0.19720000159389733
PWY-6957	2.9531583349141527e-7	-1.0751205706546676	-0.8997598838553822	-1.4550566000444372	-0.5397214924031859	0.4133388830871194	-1.0869891235282405	0.16360000204869563
PWY-6969	0.04565347065689795	3.952200270499483	3.819756770993129	4.043800388436454	0.23458500771597635	0.39014458939575514	0.48108060867329616	0.20060000155587773
PWY-7002	4.022838941667645e-6	-6.00783433185717	-4.6544650339099825	-7.4545197149825775	-3.2836443295398254	3.753672283089477	-0.9964359576979589	0.05320000739199722
PWY-7097	0.011417369026948275	-1.6982990679969676	-1.4411716145094413	-1.8716555562899106	-0.38012877705839276	0.5891583817888142	-0.6082666092015956	0.26694661166992995
PWY-7098	0.009777636810577736	-1.5433695124604956	-1.2885141331795538	-1.7201800158978644	-0.3749393259548439	0.5768364533213362	-0.6116982054437776	0.2622000010243759
PWY-7196	2.573179389938103e-4	2.7490492552194237	2.6676395061653775	2.917171012463208	0.22071346077726517	0.2581642001036428	0.7780341904682425	0.21535693001746123
PWY-7197	0.01569558146127153	3.5024246244839157	3.3383057755470578	3.6030870287646173	0.2736841573759503	0.44245832199340285	0.49668559352520725	0.19656068946296973
PWY-7199	0.016610896888387135	2.753531590006257	2.6718334571251328	2.85641305623984	0.15946287539971404	0.20866906792443451	0.7076218034804427	0.22555489033094844
PWY-7200	0.004534950723597626	3.039526097071244	2.9380952163699945	3.1578977858625246	0.18931914821733997	0.2274913864212218	0.7662237969331293	0.21060000145064703
PWY-7208	0.009971299683020641	3.8440079933706413	3.675191453577328	3.9444333247810834	0.2755765939673287	0.44832800417002927	0.5246596686710796	0.20200000154056771
PWY-7219	0.026041820754496958	3.8763707408161987	3.72096188358718	3.9663103297120106	0.25936486426224326	0.4204813584743796	0.4964587542014705	0.20980000145872582
PWY-722	0.017226399755577142	-1.8965298506243844	-1.6839044674637833	-2.306548996646189	-0.6950733180218887	0.8239635200741011	-0.7248688748846822	0.20635872974788316
PWY-7220	0.01601638183809412	3.810174859203487	3.6420776862770756	3.9165782938677056	0.2788974632292649	0.4612875587262164	0.4689836904433451	0.19660000160073354
PWY-7221	0.00947991789024203	3.706344274181729	3.5385948726355343	3.80751040880445	0.27857509113844436	0.4160517903832348	0.5151127181992388	0.18296340908517889
PWY-7222	0.01600043476976641	3.810557205535721	3.642011693234762	3.916717586752166	0.28653103403931235	0.4634802117985686	0.47929010994996746	0.19916016953760968
PWY-7228	0.01305193893020284	3.783368975339087	3.6163159065192234	3.8850056163859956	0.28310817701033786	0.44940359636308536	0.502823892006182	0.18520000173844683
PWY-7229	0.01826397658865605	3.9053215682972153	3.7430492997302873	4.003723374808933	0.2779672720359394	0.4540079219091271	0.5070886156664209	0.20095980958969584
PWY-7295	1.5075023863002964e-8	-0.6245155328543737	-0.32794774871421684	-0.982313787495043	-0.6518923851324896	0.49807903162972256	-1.2412209737178286	0.08340000454142364
PWY-7315	2.3360205914349357e-5	-1.1761477967921774	-0.8813494542919518	-1.6759980003666843	-0.7783422156156385	0.7083828388336642	-0.9146473899094876	0.15100000226860824
PWY-7328	0.00435059905695854	2.96675800918657	2.763828257653868	3.145932389956772	0.44351791623927284	0.9078026470828675	0.4265134348271855	0.2467506510050272
PWY-7400	0.006469150564845681	3.5837458642233098	3.416321382165632	3.6931963607400937	0.2952218580504722	0.46527147996241514	0.5073892251421314	0.1924000016496952
PWY-7446	0.020615066586252295	-3.9004060864875596	-3.4247307823648248	-4.469530773353989	-1.1745226692580113	1.1345012239750156	-0.9212140482898907	0.10977804771728003
PWY-7456	0.00981351563990446	-1.8583743920987494	-1.6796598402790597	-2.3918968319751945	-0.7516018294944011	1.1585213602815099	-0.5970037484087554	0.27540000093792083
PWY-7527	0.008648346416414685	-1.3725690631860479	-1.617447017036823	-1.0928992779925686	0.5315681528279006	0.7785940016229889	0.6502990548164009	0.241151770824341
PWY-7560	0.034215314630675855	3.484546543402806	3.331844705205398	3.578810514521256	0.26115435094600725	0.43157404095911645	0.4683268447136486	0.20260000153406618
PWY-841	0.019914051322734397	3.7454055933681856	3.5863344621783884	3.842211540080096	0.26533076296468305	0.42887947871842336	0.4890305745034249	0.2012000015492919
PWY0-1061	6.274603080648738e-4	3.1886807237887127	3.057245151607296	3.3356536786537268	0.4025072563429908	0.9946537758301366	0.4042570829234541	0.26634673164991357
PWY0-1241	0.0047045550442762	2.9456853169908737	2.7383883272722196	3.134150924197888	0.4159360217149022	0.6455900969589026	0.5284900175955851	0.20960000146075425
PWY0-1296	1.4125826640227342e-5	2.9141975786057905	2.6007103911072083	3.1302371508119116	0.5375671875638499	0.6366129565303194	0.6417909240661028	0.17060000193998895
PWY0-1297	2.857112292213819e-5	2.8682708738920075	2.5724049187813742	3.0803128276342306	0.5287126293523894	0.6666504462500908	0.6244389841906925	0.17696460892610869
PWY0-1298	2.849159019773399e-7	2.165098104610606	2.0265712405063256	2.3987760188849148	0.36515085222496513	0.31534546645268513	1.070668660305505	0.13900000251366837
PWY0-1319	0.03144143206533341	3.975562190293474	3.8233510592859825	4.065824873006846	0.24412410498772408	0.4537388796499573	0.45210886822742796	0.21415716998111575
PWY0-1415	0.0023999631377338944	2.5067196643756056	2.41431912160827	2.6774438107981418	0.2680707602505974	0.2861876274893662	0.8047417240156471	0.19120000166405246
PWY0-1479	0.0037598707046470558	3.10086211190941	2.9107448018425233	3.239640515252896	0.35531547310194966	0.5936365069231657	0.44442273568320806	0.21580000139947322
PWY0-162	0.01709571969245026	3.7872058757875067	3.6257826669179405	3.884421189240887	0.2625358962683215	0.43305308501557693	0.504918745196945	0.20480000151052793
PWY0-321	6.622506546641213e-5	0.41481723228587697	0.5732926365598834	0.2175715446986155	-0.3270151985188967	0.363922282500142	-0.841235288236093	0.17316536882810177
PWY0-42	4.433946572941093e-4	2.1078564923768965	1.8815557905402338	2.2984546137295574	0.5592750237627864	1.367481432019387	0.43926489685820247	0.24980000111259354
PWY0-781	4.399935461762445e-4	3.243819327582642	3.1375730479987665	3.3441736944280027	0.19196616555302803	0.21508930869549303	0.8225429494032505	0.19060000167129454
PWY490-3	0.0029805350180398373	-0.3538947300673385	-0.2778531697777984	-0.4319786784808537	-0.27533838235218955	0.7762835224279456	-0.3423634291920563	0.3527294546464986
PWY4FS-7	0.008829642654587948	3.8333038891355686	3.666757264008385	3.9343292748536616	0.2842105838245135	0.44102732305593717	0.5344959436977184	0.1962000016053122
PWY4FS-8	0.008906171438068636	3.833901883226098	3.666289880238594	3.9346173217128473	0.27910904531100655	0.42884797710490696	0.5387673501910676	0.20100000155148334
PYRIDNUCSAL-PWY	0.01101001883678728	3.180405960190353	3.0093689686684293	3.298877216121958	0.31828419691662013	0.6024477421486276	0.43689738394356314	0.2188000013709588
PYRIDNUCSYN-PWY	0.00659379885506214	3.4947885219874038	3.313284988767143	3.5998203853728024	0.29157310828967375	0.4669751928329928	0.5216221414929427	0.20020000156028814
PYRIDOXSYN-PWY	4.090989751278078e-6	2.936959053924989	2.7452728529495483	3.0852043502019333	0.47924504384498867	1.1221348244941116	0.5043012574258305	0.23400000123667572
REDCITCYC	5.30749930350581e-4	3.820776253096713	3.705494150552038	3.915923496103918	0.20579456143166075	0.2220812738043385	0.8439508999222095	0.1799640090050076
RHAMCAT-PWY	0.013460180435090981	0.8141585823831745	0.9847436479099443	0.6305946564643703	-0.3216468410875679	0.6131070985096336	-0.42095482935088946	0.2551489712791664
RIBOSYN2-PWY	0.026017861353540617	3.5920929965057633	3.431551404465435	3.686828234198512	0.2620339400856846	0.48379559112281045	0.4777256234518204	0.2073585297774812
SALVADEHYPOX-PWY	0.015910656248168734	3.7056621012794486	3.5219612193181327	3.8375537053457864	0.3121893329394836	0.5673113603529725	0.47338821535133	0.19320000164021628
SER-GLYSYN-PWY	0.03540189787343173	3.935968954979662	3.782468571664249	4.036825503498061	0.2738772288798206	0.5110331209377095	0.4500428147730411	0.2201559701639985
TRNA-CHARGING-PWY	0.010431291089396768	3.603553462891344	3.4286846829103275	3.7085952255315067	0.29896226653228997	0.4940683725706867	0.5099805476918191	0.19800000158484227
TRPSYN-PWY	0.026953557964484835	3.686825105121857	3.5287657908776633	3.785120445848006	0.2669726127515588	0.4367829004616066	0.4912151606256436	0.20400000151903294
UDPNAGSYN-PWY	0.004051167951250178	3.6167607383578035	3.4480084890669493	3.7509003212101755	0.3063239799512325	0.4556341085984137	0.5283285523765224	0.1824000017747351
VALSYN-PWY	0.031313028974962714	4.5581160851758895	4.416547111831998	4.679926455028188	0.27681163159763633	0.4810882382918358	0.4476422210332517	0.19276144935520317
