Feature.ID	p.Value	rab.all	rab.win.0	rab.win.1	diff.btw	diff.win	effect	overlap
1CMET2-PWY	2.2727733211491468e-4	3.5587010869664164	4.085345426357088	3.477771620375892	-0.5559783103030189	0.6517381681500565	-0.7227208732542802	0.24075185081150194
ANAEROFRUCAT-PWY	0.029398366902634084	3.264668357322662	3.4009253067987966	3.2081348899806588	-0.173288170397361	0.25552713975648533	-0.635413515942439	0.25740000105766
ANAGLYCOLYSIS-PWY	0.002834676469066271	3.8749855030654285	4.1892984065020205	3.8051935000206476	-0.39420579731640837	0.602087161489087	-0.5582226309988377	0.3035392929156932
ARG+POLYAMINE-SYN	0.014514101283288077	2.2255145790968527	2.3687787306295265	2.1455811031201595	-0.2267989586378638	0.27521236939434335	-0.7727154752006626	0.20255948963626977
ARGDEG-PWY	5.683706762766768e-6	-2.189604034901656	-1.261525151540413	-2.9978737123265056	-1.6031808279381279	1.4399865118114015	-1.067895928594065	0.12037592780153344
ARGSYN-PWY	0.0018815467269582126	3.651859331995678	3.9519954305510283	3.5734177085603873	-0.38786762756273685	0.5819063371736966	-0.5990276440022871	0.26934613175014543
ARGSYNBSUB-PWY	0.002919777291077213	3.757864264883932	4.047110058670695	3.6828418880297056	-0.38744706123702155	0.5935988174296627	-0.5947077476280942	0.2843431322565221
ARO-PWY	0.001192425330433115	3.7370105695163542	4.088842004226562	3.6615480681343584	-0.41235874979744214	0.5540643753686645	-0.6449809207367758	0.254200001080445
ASPASN-PWY	0.002907699711543956	1.2370019647177433	1.5848556869029577	1.1296801200283406	-0.42789925642839677	0.44682312012309566	-0.8295765540269884	0.1685662887125478
AST-PWY	1.2920130765519601e-5	2.2937143507061233	3.324291102020198	2.0867086542413817	-1.1050859747381505	1.196296813218801	-0.7823357063468066	0.24335133089511699
BIOTIN-BIOSYNTHESIS-PWY	4.3114463250742583e-05	3.312227061218902	3.9657488679653725	3.2222585918366202	-0.6809678194379432	0.7637390103180168	-0.7746746323154836	0.2229554102502975
BRANCHED-CHAIN-AA-SYN-PWY	0.0025278522835441622	4.286723117233827	4.606645871932632	4.22676406123912	-0.38567443596885953	0.5977723338977028	-0.5685176179146272	0.2944000008247939
CALVIN-PWY	0.03092378921860661	3.663986355560655	3.825350277830488	3.5785186028493223	-0.22999867613356617	0.35681273588199147	-0.58997980365373	0.2759448119719201
COA-PWY	0.003026609280574823	3.628102096783887	3.9060913263962944	3.556460373780159	-0.3669958777068416	0.5387863352939095	-0.5966703899489854	0.2712000009646654
COBALSYN-PWY	5.3335076341571e-4	2.9002666938348565	3.6133595210909224	2.8255425780471493	-0.7187439572702421	0.8881566260537355	-0.6469064026444854	0.2969406126878513
CODH-PWY	0.01697971139116273	-0.8474764064427704	-1.2475108249965343	-0.4466072022873364	0.6216183121126573	1.005323294076753	0.6538840346547473	0.23980000118945785
COMPLETE-ARO-PWY	0.0011940704658701738	3.81805785203163	4.161292628512822	3.7405555679933378	-0.41181679282724337	0.5537792818777625	-0.6533258471280488	0.257748451364724
DAPLYSINESYN-PWY	7.660272176248817e-4	3.6051756614571806	4.001432869800898	3.545224002398448	-0.4461156123876293	0.5986872454528291	-0.6403196719519982	0.28060000090572706
DENITRIFICATION-PWY	3.560025150285655e-4	2.056269762520058	2.7930873752887724	1.9199933781171925	-0.9792160202405586	1.3479539591782448	-0.6440705469922023	0.3024000007805799
DENOVOPURINE2-PWY	0.004227684390256666	2.356176719641086	2.5908719631572144	2.2810801885122567	-0.23915877849805245	0.3202100899037079	-0.7266400660743224	0.22215557022558102
DHGLUCONATE-PYR-CAT-PWY	0.0017861309016203334	2.0929897414544367	2.492870260210651	1.937456362631802	-0.6455896185078993	0.9541582183417612	-0.6050901608764687	0.3107378531656026
DTDPRHAMSYN-PWY	0.0055821317165231105	3.7162552236130204	4.090363991559965	3.6323696468486073	-0.3991993833834493	0.5386024645930458	-0.6373585254637246	0.2578000010548459
ENTBACSYN-PWY	3.0554795743987658e-6	0.7404816758014583	0.9749071656731871	0.44524253979478523	-0.5081716162374974	0.43050928550152	-1.117459470301929	0.10240000360480918
FAO-PWY	0.0022205066860508074	3.8333971415668677	4.164834814072606	3.7867035282350057	-0.32110106866496224	0.5865174347458573	-0.546415629037036	0.3114000007329507
FASYN-ELONG-PWY	9.722923414312167e-4	3.9294778689692613	4.444627887913231	3.8575111564828544	-0.5293891115465774	0.628272808423969	-0.6783941324033158	0.25760000105625175
FASYN-INITIAL-PWY	5.9773563537000794e-5	3.5036216763944896	4.199841700941413	3.424477274537473	-0.7142902612621826	0.7194039582994516	-0.8191268468390775	0.19120000166405246
FERMENTATION-PWY	7.033972819268202e-5	2.9409902641112566	3.1002401764466665	2.8335397254394508	-0.29013540890830924	0.3189206610892814	-0.8624524050199649	0.16580000201358733
FOLSYN-PWY	2.9382192583069893e-4	3.5463651527687983	4.0102281034046285	3.4705541926125725	-0.47181157765392046	0.6400907877008528	-0.6666910216243471	0.25394921123978736
GLCMANNANAUT-PWY	0.015176307695830015	-0.67228307928763	-0.914499985078856	-0.5892523454658862	0.324620480301018	0.3801162596307952	0.7873062948838376	0.22455509029987133
GLUCONEO-PWY	6.069736236976139e-4	3.673758618100847	4.029234404601856	3.609137933003309	-0.45959116048272763	0.6740785029317413	-0.6243572646008289	0.2713457318171697
GLUCOSE1PMETAB-PWY	2.3419838040464007e-5	2.790887741041481	3.586206291651571	2.7039826153411006	-0.8315594746202812	0.8974214271855145	-0.7604459568189064	0.2557488512988818
GLUTORN-PWY	0.001117326976725458	3.7545615865348707	4.203142915414867	3.6717291300811996	-0.4910662223907054	0.6344776555808327	-0.6504072625606265	0.2755448919584311
GLYCOLYSIS	0.0011771184469147684	3.770932805585761	4.119151614439772	3.704232377284436	-0.4458695050801378	0.6930495436403898	-0.5982537832555312	0.2879424123792416
GLYCOLYSIS-E-D	3.3018957877281233e-4	3.5309610275261947	3.949342815350643	3.456115183433145	-0.5040521118099122	0.692630813540378	-0.6695333856165747	0.2656000010014184
GLYCOLYSIS-TCA-GLYOX-BYPASS	6.310459754243254e-4	3.500931221571088	3.8576929411875707	3.44375444061016	-0.3844968589932689	0.5386645288535488	-0.6408787928243701	0.2594000010436637
GLYOXYLATE-BYPASS	4.983718114396558e-4	3.2068773616389037	3.6585153570993607	3.152365321829353	-0.46017211400862035	0.7497131292400088	-0.625044646628935	0.2953409326328059
HEME-BIOSYNTHESIS-II	1.1125448057681973e-4	3.0229476540587443	3.6228744998816484	2.9548299564025324	-0.5981643764195521	0.7770916418195113	-0.721819273934402	0.239400001192649
HEMESYN2-PWY	7.670923070646689e-4	3.601473838733745	3.974422556126548	3.5282242638306336	-0.4434304391636572	0.6493163535143824	-0.6528024452452004	0.26020000103811675
HISDEG-PWY	2.9524197257159977e-4	3.117934657852122	3.7245114638545513	3.049339808839461	-0.6092690256612419	0.7305174392276439	-0.6868828799536855	0.25300000108911697
HISTSYN-PWY	0.0017403194507488206	3.6353660558978116	3.9520615972971194	3.5536424818337737	-0.4088233463475657	0.5931447654339843	-0.6232449020273086	0.2702000009711349
HOMOSER-METSYN-PWY	3.8615942606068886e-4	2.2869439693341933	2.0682691351007225	2.3593415252448855	0.3068094895124327	0.3489443493018243	0.787678330394212	0.2199560101578565
HSERMETANA-PWY	6.580179673108638e-4	3.4023658127501593	3.7991048231077365	3.344411957028295	-0.4340687485495365	0.6361118207083556	-0.6674684293530376	0.24980000111259354
ILEUSYN-PWY	0.0029153169904718086	4.620358302259281	4.974616016996592	4.561853203053138	-0.40414815939787996	0.6628383590389695	-0.5701661411707577	0.3086000007475416
LEU-DEG2-PWY	3.6399572540938863e-4	3.4459522634489588	3.9729045199625963	3.370943786910539	-0.5766650731136136	0.813496736451059	-0.6796199903633238	0.26760000098814457
METHGLYUT-PWY	8.858859211834756e-11	-2.619613155799983	-1.818529691997961	-3.450556921766217	-1.513925273401834	0.7988420542599783	-1.8489311828205963	0.02739453587129093
NAD-BIOSYNTHESIS-II	7.158379284378137e-5	2.426378116098764	3.0808009547902957	2.3167337236490093	-0.8830542020905234	1.1275470788857849	-0.710370634864973	0.2767446519989149
NADSYN-PWY	8.177226493157293e-5	0.7008309095246528	1.0253729348966525	0.4812901477320146	-0.48325892494347933	0.4331947924317845	-1.080433368775999	0.1289742079101244
NAGLIPASYN-PWY	3.641526489965958e-4	3.2561599204623075	3.6625360085107515	3.1818472704147025	-0.5014045676717509	0.63598438404716	-0.7350495349021869	0.22680000129826863
NONMEVIPP-PWY	0.0012112473110362082	3.5265313950533135	3.835226813035325	3.456706429596922	-0.3857226023645497	0.5800782836169955	-0.5948019428590251	0.2699460117702358
NONOXIPENT-PWY	0.003605368146185547	3.964833973702585	4.2429369855249774	3.8905844340762314	-0.32649782664142357	0.469486283412595	-0.6333894466307894	0.2578000010548459
OANTIGEN-PWY	0.04801817902602559	3.551890871536633	3.7634277654975614	3.4656321142038413	-0.2645965864317721	0.40842997222024646	-0.5735716254544614	0.2824000008948095
ORNARGDEG-PWY	5.819653798087301e-6	-2.18916585334971	-1.2679275311880271	-3.0009793847751602	-1.6084385215718662	1.455963243202036	-1.0649135779427281	0.1153769277541624
P101-PWY	2.460989813454103e-4	2.5691838170867625	3.1606157498752694	2.4410251047140488	-0.8029766796818913	1.109493775375387	-0.6214050319850968	0.3106000007370996
P105-PWY	0.0013900737645832022	3.858585365810403	4.202393468842169	3.811654840392881	-0.38781438275975777	0.6339577005877883	-0.5813512354637944	0.29514097262593103
P108-PWY	3.5860923414960365e-4	3.121130207406075	2.8276503293806625	3.2369235585144476	0.3934202629811683	0.38749884319927475	0.9104665601363331	0.18256348907441827
P122-PWY	0.01308746213329779	1.5358672913594447	1.463308159497962	1.605642002403103	0.16803432827253229	0.20601908651634293	0.7965101246719288	0.15696860843809063
P124-PWY	0.006958965983805853	2.0792998452549343	1.9456468628910057	2.176636100573144	0.23678639943676316	0.23326975922963378	0.939892129130653	0.15740000215268218
P163-PWY	2.5083029384480306e-7	-1.5036544507673302	-1.8944308607095257	-1.1754854771039733	0.7178426089161363	0.4212262016633952	1.6330060949718508	0.03340001204396885
P164-PWY	0.003759710649723735	2.6388872843279394	2.327649188594883	2.852605538415797	0.5641722268033096	0.6511372014523102	0.7868906740927715	0.20995800985486346
P221-PWY	6.308384320993953e-5	2.794396925848617	3.7173421804554456	2.5616965700236145	-1.0262486654916483	1.21963353754842	-0.7567050517139803	0.2531493712135734
PANTO-PWY	0.0016106973178215062	3.4935670103389835	3.8955592083010595	3.441925897170927	-0.4180522761559038	0.6051922575753719	-0.6195531077729886	0.2771445720124218
PANTOSYN-PWY	0.0018790338812295596	3.5277696219310393	3.861856526823566	3.4728116109685794	-0.41720727624448717	0.580945889317336	-0.6305586618709409	0.27640000093165235
PEPTIDOGLYCANSYN-PWY	0.002048871261280997	3.6258466163676535	3.915581005027957	3.544681764199942	-0.3753360601207767	0.5565009781249963	-0.5948059579203124	0.27420000094549296
PHOSLIPSYN-PWY	0.003547276562003409	3.9526071997304646	4.255527227044345	3.87236141411275	-0.376662709484366	0.5357162026063373	-0.6286877413992155	0.26780000098682594
POLYAMINSYN3-PWY	0.028159961164667298	1.5858562313843123	1.7664961368118757	1.5114862998875003	-0.2711638578393698	0.3031222857409146	-0.7743084109019318	0.16720000199170532
POLYAMSYN-PWY	0.0039173335342586775	1.6061726957205575	1.82092239537657	1.5224081044095614	-0.28175283777711346	0.28952630822496417	-0.8949315216733844	0.176400001856147
POLYISOPRENSYN-PWY	0.0028096942025089685	3.6063507462499858	3.881053384788636	3.5349165726691103	-0.3801072461409878	0.543958417633613	-0.6058619333700475	0.26740000098946454
PPGPPMET-PWY	2.268519726214669e-6	1.5727043658795594	2.1514184731991444	1.3898866591203518	-0.7684602490400385	0.535299241251435	-1.2911129679843882	0.07320000524259039
PROTOCATECHUATE-ORTHO-CLEAVAGE-PWY	0.006210698393620079	2.259008853845737	2.650528267135315	2.215634169592228	-0.42825006884567696	0.5232555817881153	-0.6736133420462724	0.2534000010862186
PRPP-PWY	1.6919137851019743e-4	2.412720817869058	2.673092083184308	2.340258687258668	-0.3163679753279638	0.35256964207975106	-0.8028717517127217	0.19440000162613408
PWY-1269	5.143397786697308e-4	3.273681070609972	3.677153122992908	3.1899694938901364	-0.5056735442805351	0.6485739031511359	-0.7114603393242909	0.23480000123003983
PWY-2942	0.0026011133639156506	3.8079833651691737	4.078436068437046	3.7459255923948374	-0.34010731306717457	0.48125897971746356	-0.6263078163522293	0.2626000010216488
PWY-3001	0.0014853198334643543	3.923090727427402	4.22976659782679	3.8463846775625408	-0.39122559962348724	0.5457544536928172	-0.6307353895343719	0.2662000009974186
PWY-3661	1.1825802474425084e-7	-0.11558873777146772	-0.49094252079635137	0.1733624586281728	0.7298463099652714	0.4838117967562212	1.4537115083033152	0.040391931493105104
PWY-3781	0.017281671079556186	5.150145120460528	5.37576552682528	5.090103808259731	-0.27491483476678136	0.43163305712731503	-0.5669368493151348	0.28414317224971714
PWY-5022	3.100073338146842e-4	2.9253332977894173	3.6554962982547012	2.860480905765373	-0.7449434327235713	0.8745786750875673	-0.6793692572021712	0.2797440521003565
PWY-5028	0.003828121279403446	1.1878166799185408	1.6786499840275209	1.0922189035147607	-0.5107295227143327	0.5990776433784681	-0.7372733259741178	0.21700000138798153
PWY-5097	0.0022453005914925216	3.748296537354338	4.033423794263527	3.683717752810873	-0.356033119419108	0.5059034777867848	-0.6126650506561566	0.26400000101215954
PWY-5101	0.002680296577256636	4.621642689843425	4.954192137832656	4.562906377534254	-0.3962537094803271	0.6286503576547036	-0.5543673789248089	0.3024000007805799
PWY-5103	0.0015173060954221653	4.12131201928257	4.452014108845155	4.053194392229312	-0.4234541820741593	0.6039371621780258	-0.6064870948024333	0.282543492195326
PWY-5104	0.0019066459968161463	3.3766185964178543	3.9149385965659294	3.236496326399088	-0.7233287126068868	0.9526202889297855	-0.6058719358491276	0.3179364134168201
PWY-5121	0.0022209138208393073	3.5275974295482775	3.813572731063428	3.455405399634019	-0.40814928772087544	0.5829698530157188	-0.5912483344561172	0.26780000098682594
PWY-5154	0.0013060753975128279	3.715978570833075	4.079147884260902	3.630599839856735	-0.45994207480924176	0.6241924541162733	-0.6336354862440572	0.26740000098946454
PWY-5181	2.1420654951750647e-4	0.2341707265829145	0.8605156934158238	0.1545450161216193	-0.7127369005130308	0.6620369051041157	-0.9870245600740166	0.17180000192220168
PWY-5183	6.127761219231337e-5	-0.6936434590133418	-0.3620851356097248	-0.8071124741022899	-0.512473975395852	0.5815899637130473	-0.8501763211447474	0.18036392901562512
PWY-5188	0.003298695872500372	3.662275362701918	3.936473640223607	3.5883185170353324	-0.36404527037871803	0.5284083231970103	-0.6239242554766544	0.2657468516299121
PWY-5189	0.002093884040357561	3.5845002598421383	3.881019776524798	3.510466848896429	-0.36843427963230546	0.5543789119377647	-0.6233134471660624	0.26360000101486203
PWY-5265	4.411318010869144e-5	-11.71997630855007	-5.5190442525753935	-14.298503379616172	-8.439062532318902	3.8480402374748994	-1.9811190346327088	0.06780000569855278
PWY-5345	0.020468415790582273	3.463099684159267	3.6516370196791423	3.406961656255856	-0.2337317796411904	0.3443585811318237	-0.6035141428572333	0.2698000009737338
PWY-5347	0.02507848094721311	2.831197283318639	2.7265276986070672	2.9003108757364	0.18736569372236378	0.265405453413047	0.6456694525095723	0.2444000011534175
PWY-5384	2.4216631101529905e-5	2.6906859257404285	3.4728534036284366	2.5332567379340434	-0.8940381108029531	0.9851250326920438	-0.7630096167627232	0.24315137088867148
PWY-5417	0.006940502738499041	-0.43351766637430966	0.030044730159792365	-0.667680040732221	-0.5951750392224495	0.7238790896725771	-0.7453697413143847	0.2415516908371888
PWY-5431	0.007004259561981033	-0.43442744174413317	0.03000375164220337	-0.6681803847455372	-0.5865018605781369	0.7190059755478782	-0.7329645259945198	0.24415117092092112
PWY-5484	0.002884015320664852	3.6062208368794804	3.8649180567953354	3.543392755768798	-0.3504460878312661	0.5043178513980742	-0.6213256934359603	0.28614277231782775
PWY-5509	2.3476737926458438e-4	2.7446434976283527	3.5459728842895553	2.6638879816455407	-0.8269378801604792	0.8924585848203543	-0.7105511417891786	0.27900000091552823
PWY-5651	1.4180971809646853e-4	0.11240067863645464	0.4338662177735957	-0.12508124164164158	-0.4908763749061844	0.45356949970596094	-1.0494043942164462	0.13580000258609604
PWY-5655	0.006776598218682239	-0.14651683138284088	0.04175027062227521	-0.27293957570621785	-0.310913600258659	0.3321565701565561	-0.8813463386464706	0.17236552880775624
PWY-5659	0.003981790132286944	3.8864376157031506	4.147146418259762	3.813992256420392	-0.3674376592602502	0.5267505507732513	-0.5987461629751725	0.27274545186418114
PWY-5667	0.002534034804612659	4.00762724561704	4.29938905843129	3.9374922961353103	-0.3676387542942696	0.5299804076220278	-0.6218718565027512	0.2648000010067754
PWY-5686	0.002982967849060272	3.8389200447150986	4.103897572709586	3.756339807898304	-0.35816231120081454	0.5234800569746252	-0.5994701058824936	0.27500000094043886
PWY-5695	0.0020878171709411554	3.876886529117313	4.226558725576454	3.819814212161594	-0.3682553426142947	0.5257913976373025	-0.5966450878785554	0.27060000096854236
PWY-5741	6.680966863817772e-5	-0.43580947823637484	-0.7691434973431566	-0.32954047727184754	0.47323499836519733	0.5682169304020439	0.817992876052912	0.17580000186457664
PWY-5747	2.6480057117973736e-5	2.3195422188538997	3.2509613096153434	2.148942598240982	-0.9978359498518667	1.062635762143525	-0.7715789333136649	0.24520000114727017
PWY-5837	0.002142528910725503	0.09315874121710799	-0.19818290573119413	0.22699143497909358	0.4180032655842165	0.4132786324638964	0.8475926948017714	0.1799640090050076
PWY-5838	0.025631452267376564	1.370921035341433	1.2885762762364177	1.5207732824540034	0.21899167894978255	0.28274190370729446	0.7240552307556605	0.21195760991479526
PWY-5840	0.011122176920048934	1.2883694156657262	1.1998148613674102	1.4326450873393446	0.2240806290618229	0.29370673795680524	0.7165720089226972	0.207600001481236
PWY-5855	7.480028022772892e-5	3.2565825745324095	3.815970273769864	3.1757923725869457	-0.6367729060100076	0.7492256069436767	-0.7395821138274088	0.21795641009661
PWY-5856	7.462766280832923e-5	3.2566945900795794	3.8190330050685124	3.1765245081923736	-0.6055208622454225	0.7531192166800902	-0.7231259715242386	0.2289542104371343
PWY-5857	7.512234472558054e-5	3.257251961286525	3.8142305524941493	3.1762409183535385	-0.5580372763239518	0.7387544118529261	-0.7583379257517449	0.2198000013616114
PWY-5861	0.013450477312793079	0.8992124539053519	0.7854689475873595	1.0607369217089744	0.2634392019250189	0.30668455488755786	0.7710077040652246	0.18876224924355645
PWY-5863	0.0018649075855263827	0.26036666636428585	-0.01799907960756375	0.3953392923378125	0.4028989748294318	0.40416679097126984	0.8487536776864693	0.17756448894178364
PWY-5897	0.013849163730953152	1.2424283334817687	1.1383667906039516	1.3965924724792567	0.24161265208223615	0.2925001934742726	0.7513429698503629	0.19236152934395429
PWY-5898	0.013692658831775778	1.2426932343129105	1.1375011708231213	1.396483927725063	0.24514515397024716	0.28920396276547056	0.7664048363235807	0.19056188929356271
PWY-5899	0.014257994685505409	1.2426242331989155	1.138818459411687	1.3968592363160974	0.24139468628225735	0.29489976801426465	0.7505359148249793	0.19196160933272313
PWY-5910	0.014133261258103099	-2.1090711596689635	-2.5723299977857996	-1.891033362960087	0.6945861013896009	0.9879752401337232	0.6237972345450198	0.19880000157585548
PWY-5913	4.128895118081463e-4	3.456636397197538	3.876378614583822	3.389614540095092	-0.45900277708051673	0.6615499674562901	-0.671836166417966	0.25600000106756815
PWY-5918	4.711970158364813e-4	3.3531509306631806	3.7905311952686302	3.2885051842156523	-0.43772364452446944	0.637188481554527	-0.6549104430869892	0.2613477314837069
PWY-5973	0.0027107434972627425	4.269498325679418	4.57387069456931	4.2050450000059625	-0.37052894897811894	0.527602442132495	-0.6269504629538376	0.26240000102301125
PWY-5989	8.145805391981529e-5	3.7152607317018407	4.368111478995852	3.6377150646279803	-0.6436857300912839	0.6865841458819122	-0.7935174031537975	0.19960000156693528
PWY-6121	0.0028459645418155836	3.761631013374185	4.061886109207148	3.6843095199552627	-0.37085094221603887	0.5128975439270889	-0.6446312949229802	0.26034793145059665
PWY-6122	0.004937061340025664	3.7806985914882842	4.040530897202348	3.702684691589604	-0.35319869782814894	0.5086312456243514	-0.6111921777166844	0.2688000009802597
PWY-6123	0.002243305940907367	3.5941129950029485	3.889306373790113	3.5140573951765712	-0.37634435034038916	0.5476878876124842	-0.589332730218721	0.27360000094929954
PWY-6125	0.001460603326251008	3.7831710737645743	4.097912565468867	3.710831612631466	-0.40112402920695756	0.5882247333731092	-0.6180346775020795	0.27580000093540913
PWY-6126	0.0016976066880596827	3.883165096165245	4.183278946038062	3.8085496226910527	-0.3941943285040437	0.5720714036004186	-0.6133028322636878	0.26860000098156955
PWY-6147	1.7985832350375457e-4	3.4770032720329396	4.019828493111978	3.4123079454439162	-0.5690145259834556	0.6826045285417561	-0.6989224238975753	0.249600001114078
PWY-6151	2.7508733635321636e-4	2.9325795580299774	3.3947298908461128	2.8626589872038517	-0.4893157469512266	0.8646502539207224	-0.6214595691911964	0.3020000007827471
PWY-6163	0.0012243685075111498	3.670372758160366	4.020778456274066	3.5935537221837786	-0.3985202237127532	0.5508981123835381	-0.6643930132860842	0.2540000010818853
PWY-6182	0.012573344890865642	-0.33591731184629214	0.10851525254023464	-0.5436530682436027	-0.5524752448385559	0.6847000374981258	-0.7263733187335155	0.24515097095322588
PWY-6185	3.9643154484558736e-4	-0.6195003016872045	-0.14285804088444287	-1.0054004166102395	-0.6683196276495273	0.8703107748718093	-0.7694353917796509	0.2093581298369522
PWY-621	2.2648599359092143e-5	2.690767302663632	3.4993522006886386	2.5325503037699644	-0.9129990016325276	1.0118420468517813	-0.7687246885806229	0.24655069099854438
PWY-6263	0.0019500597070793303	2.0212250875227307	1.7603158825543215	2.1174126024387983	0.40725112178900336	0.486143045416231	0.7575301940751145	0.1774000018422171
PWY-6269	2.1974253806525705e-4	2.7583767518828815	3.573773033364461	2.6765426382639443	-0.8531976131391374	0.9272991297470008	-0.6976431601408115	0.27914417208004244
PWY-6277	0.004884734666060739	3.780304453582708	4.044876482114441	3.702623422679849	-0.33593087726216053	0.5069887623062619	-0.5879734227268949	0.27160000096208875
PWY-6282	6.428811987203568e-5	3.6937311243004847	4.367330624554432	3.6119054507076322	-0.6789840868819996	0.7045867738550604	-0.8200099768044977	0.19616076945155067
PWY-6317	5.965172233379078e-4	2.5242908415568497	2.2430340052764395	2.6502740905850457	0.4400703028500734	0.5142269231186791	0.7951661650775411	0.1938000016331549
PWY-6353	0.0016500202461262946	3.5282728537853405	3.8817385667123556	3.480787117168504	-0.37844652644284027	0.6623395666163998	-0.5589771511449844	0.3086000007475416
PWY-6383	7.014377000538995e-4	0.19340640561767763	-0.10173604912835632	0.38899577486140835	0.4913399994314904	0.4637192138125501	0.9485781052464921	0.10637872770432436
PWY-6385	0.0012325154610795261	3.5528042786459557	3.8536161199931014	3.478130890626632	-0.40040884991961656	0.5763864232852538	-0.618344088786254	0.27320000095184477
PWY-6386	0.0011889740664282947	3.548669110889281	3.850880526688161	3.473931611193445	-0.41655381370105227	0.5812870721724774	-0.631805451647079	0.2643471315833015
PWY-6387	0.0020799807986821733	3.632053617720827	3.9177256836388996	3.5496685276176385	-0.3951626118229914	0.5599917570747235	-0.6235015032746383	0.27200000095951826
PWY-6397	0.015758814641854024	-3.644361099755878	-4.40035509374236	-3.231020158393589	1.2626542220527286	2.779303835714769	0.7555419084243855	0.07580000504607994
PWY-6467	6.070619104666877e-4	3.3362678294002626	3.727148998088738	3.2298502087514023	-0.4931330459830163	0.6237853108032452	-0.7229747690684603	0.23260000124838534
PWY-6478	0.010069028406049034	2.07362417297297	1.735956022939682	2.2874052837821806	0.5421018512932019	0.7606200983085563	0.6686439836690614	0.22640000130179297
PWY-6519	3.567450374569282e-5	3.3933624868588312	4.090174303486307	3.303477945021865	-0.7428429299424435	0.7754113199437236	-0.7771918615518429	0.21775645009050273
PWY-6545	2.4294791721332264e-5	1.9389968386018444	1.5621438623513493	2.1819965486399555	0.5577999386940471	0.44276889679226095	1.186717907772228	0.08898220778281805
PWY-6608	0.002437070048355781	3.652993247363359	3.980237218196381	3.564166370791857	-0.4203020523703249	0.635982515594006	-0.5866230869334074	0.2926000008350029
PWY-6609	0.004556995617885558	3.376526675722848	3.671161233312698	3.2576993463065356	-0.41478091267382666	0.6616445782613165	-0.5486596328970117	0.3067386530265966
PWY-6612	1.9881614300326802e-4	3.4913997312714726	3.9621597393129355	3.4133905084267893	-0.527012547692236	0.6806041770592213	-0.699810582645448	0.2505498911285984
PWY-6628	2.6190775858096754e-4	3.5259470331975025	4.050945945241054	3.4521612679899842	-0.5089418315369985	0.6529969389149026	-0.6837080802693418	0.25760000105625175
PWY-6630	0.0011878957373075948	3.4437655215704397	3.775056784474907	3.379545663829771	-0.35174140022550704	0.4387612924354869	-0.7061552798059788	0.25354929122667635
PWY-6700	0.0011797998715279096	3.462118742064576	3.8083352264405526	3.3717587976824417	-0.42684234702999024	0.5887024077378884	-0.6488237422521079	0.24435113092737767
PWY-6708	7.480486789759705e-5	3.256822125837199	3.8102660656752874	3.1763496793812225	-0.5452061587301222	0.7368935821265219	-0.7316363318350317	0.22580000130710107
PWY-6749	0.006574253289477451	0.7249807276551508	0.25201779469805086	0.9053602106039831	0.6723909542705409	1.0011276810244327	0.6446672074623374	0.23880000119745395
PWY-6897	0.0019457696852021764	3.694538226566403	4.015075642595864	3.6228617465422603	-0.4149967854038601	0.5761763123911274	-0.6196069848460145	0.2639472115699991
PWY-6969	0.0056852429691709085	3.9767590710336425	4.260616000886506	3.9251215158375605	-0.3522583309050722	0.5445868329198928	-0.5520340075476458	0.2954000008191649
PWY-7002	0.01919192383367822	-6.0591702888161585	-7.321630134916287	-5.3889699531345325	2.437603265725305	5.35125806465732	0.5050234288759206	0.23820000120228002
PWY-7007	5.529008230342895e-6	-0.3818256399796933	-0.9177067530211547	-0.2316843791345864	0.7006791602164038	0.5776457524373493	1.0785486892838603	0.1160000031206114
PWY-7013	0.002387870137188657	-4.081042983942182	-12.26330359000702	-3.142671578003495	8.695676775028215	7.093685139624482	1.050335838314532	0.10300000358079546
PWY-7094	0.038962850939062585	3.816895996674217	4.014114716352665	3.7903027013638524	-0.22243211250657247	0.48590518632865676	-0.41997736177684797	0.35160000054245144
PWY-7111	6.007664340255905e-4	4.751167674223836	5.166530138269049	4.691743057301596	-0.4277812919367432	0.7411814293728618	-0.5885848606484345	0.30380000077302893
PWY-7184	3.1929557954677107e-4	3.599031282439485	4.023342224876598	3.523685522560683	-0.47272605242323973	0.6417601692629442	-0.6674966962655785	0.25660000106331055
PWY-7187	9.006933106667546e-4	2.0960697794295102	2.3541303619965266	2.0162189129029136	-0.27147467195431485	0.3358206546158353	-0.7866483599503717	0.19340000163785784
PWY-7197	0.0022827511740757273	3.548102143842395	3.8397002179508504	3.4730151915208505	-0.3924728828305417	0.5719833982788836	-0.6068752055308038	0.27494501193820975
PWY-7208	0.0026814496406684265	3.8860064409941915	4.155551485412537	3.801273797523766	-0.3711267877673259	0.5328793367015678	-0.612836576595944	0.2623475315168613
PWY-7211	5.581531055041415e-4	3.6514636147461523	4.017933461476772	3.5800586358923687	-0.44609658073046043	0.6061867832895991	-0.6668576736364342	0.2537492512332309
PWY-7219	0.002335831867774222	3.913749474380404	4.22323208526695	3.843695901357034	-0.3730229471671449	0.5328618347273664	-0.6146031116061009	0.2659468116365774
PWY-7220	0.0012591525429114377	3.862747494938837	4.1819577476345415	3.787142905861309	-0.43831039662609905	0.6084636282296141	-0.6345856393995135	0.2718000009608028
PWY-7221	0.001698958446694839	3.750289498901892	4.042514158401295	3.677005560606919	-0.395907936053141	0.5710859145276612	-0.6051850045374367	0.2755448919584311
PWY-7222	0.0012515642186192693	3.862553222772517	4.182914700956614	3.7874770899494545	-0.39362281011038114	0.6149141463446983	-0.5836364264881333	0.28214357218174213
PWY-7228	0.0013661981140221137	3.8300495838977078	4.134613031820596	3.7583057478251294	-0.41380805591093317	0.5938099711902236	-0.6350234521302207	0.2721455718440239
PWY-7229	0.0016308263678781335	3.951635873912919	4.257527083816535	3.8773533381837297	-0.402507191899518	0.5696437054201753	-0.6109259705673418	0.26494701160326734
PWY-7234	6.532938935940914e-4	3.437687194945437	3.786802825681481	3.369771499402409	-0.4388260192844542	0.5876786228649498	-0.6824292096122511	0.2612000010312242
PWY-7242	3.710767979346196e-4	2.9577762882887937	3.423453122032778	2.9070854649267943	-0.4535263461874477	0.7946307191873281	-0.6357269124786009	0.2863427323246463
PWY-7254	1.6189483044221898e-5	2.0139142697770973	2.5564504301622355	1.839806058591967	-0.7071004306975661	0.6099854756022687	-1.1264455528280934	0.07740000493166684
PWY-7255	3.338464850794283e-6	0.026804632364785697	-0.41661759698134393	0.3023997129485947	0.704626885163365	0.5114043896913802	1.3182957189221436	0.03560001127205846
PWY-7328	5.002708570239883e-5	3.1163946189135805	3.685709920471645	2.9839051312577736	-0.7313868982099798	0.8721105228788657	-0.7453715737188075	0.24635073099206378
PWY-7332	0.0018574846500612743	-0.37514045062166534	-0.9970805394517654	-0.057132618528176415	0.8473093836993861	0.9687884953246124	0.8081923757399503	0.17040000194297655
PWY-7371	0.0017874462125675786	1.5785544376198928	1.0074356162809641	1.6947767259962223	0.7354427214041976	0.8827908564057374	0.7691713839636254	0.22780000128950584
PWY-7373	0.01761050937166215	-7.661981880264728	-6.849551446356246	-13.377700997612802	-6.247382361780787	5.616771422316906	-0.9621975653859953	0.22035593017014277
PWY-7374	6.112376537196111e-5	0.22525869678164412	-0.09912271649825577	0.4192677708870125	0.5328477512384628	0.5755394083220899	0.8958279616337348	0.11880000303445477
PWY-7376	0.0037360716445440363	1.9644556367420973	2.697986552747575	1.8869727107690126	-0.7329674167210127	0.7988774024734395	-0.6346632010289045	0.35240000053896714
PWY-7400	0.0018892691531445683	3.6428759027808204	3.953842627242094	3.564282697062946	-0.38458938826405875	0.5708152193808451	-0.6128347841051922	0.2745450919247364
PWY-7539	1.380053444031063e-4	3.5605948204290607	4.104218111712817	3.491082394557006	-0.5572450942048066	0.7201311738057976	-0.7077637574481868	0.24975005110252105
PWY-7560	0.001204163434405592	3.5263424528181258	3.8376965790936897	3.456257534315209	-0.40602633383018105	0.5670065568391207	-0.6273099056056267	0.26794641170332417
PWY-7616	2.215411537509866e-5	0.11383175146152791	-0.2518811020745355	0.4209619483201905	0.6626350422313507	0.49906830708516026	1.2591768984302996	0.05878824899376283
PWY-7663	0.002656869083309576	4.221338066721662	4.517621994195154	4.156225185334102	-0.34466219623968364	0.5299030554299766	-0.6258534112978911	0.2581483713779153
PWY-7664	7.696681195162419e-5	3.7584755789555917	4.407432471476185	3.680180545625862	-0.6351281353331992	0.7081373476930266	-0.7665844635322436	0.19980000156471542
PWY-841	0.0019026581039128401	3.7880330065303975	4.080531106940446	3.7114771987868806	-0.3855724421570579	0.5524222303437698	-0.6038763006776396	0.26680000099343393
PWY-922	0.016361516032618387	-2.6165695024800444	-3.081092836441794	-2.393162000184766	0.696556692488004	0.9800053937886366	0.6343012959935789	0.19436112940038244
PWY0-1061	3.0539759783271813e-5	3.3251349149074207	3.9219793047195433	3.2095498184148203	-0.6479043427514064	0.8130021537324121	-0.7355830773070882	0.2413517308307637
PWY0-1241	0.0017281188725897763	3.0924811647905752	3.4857328364332636	2.981456754308824	-0.5531099577601895	0.7453344979835244	-0.6310462065348443	0.27600000093415533
PWY0-1296	0.002666908039235609	3.069073117382393	3.4510563552424993	2.9658395776788353	-0.5527077713949771	0.7988024989990592	-0.587594146027405	0.3076000007528019
PWY0-1297	0.0016159415953214357	3.0253306373656166	3.4306126886304216	2.9291222539456685	-0.5248959674307363	0.8165924700450993	-0.5811869663179162	0.3137372532701238
PWY0-1319	0.002525435295527889	4.008217454482832	4.297617767027787	3.937940568009033	-0.3574742024243278	0.5290969985108775	-0.584664304546342	0.271400000963376
PWY0-1338	1.588487934109947e-4	-1.7511692324320398	-0.7322051437842534	-2.040636258994166	-1.407207047094885	1.159112215363093	-1.0653877539401964	0.1370000025585504
PWY0-1415	0.043385366333048646	2.461983137588396	2.3134685887856374	2.53982999920317	0.24444383374193634	0.3668613554844242	0.6240133220643634	0.25460000107756997
PWY0-1479	3.5124327527977673e-4	3.1826585986158857	3.5949350105840256	3.1073536833116884	-0.5077665848148696	0.7526408540835123	-0.6327310808917839	0.28540000087686224
PWY0-1533	0.02486922351728057	1.1467010103131665	1.500787333221811	1.0823912438453789	-0.40545110572976206	0.494115865013554	-0.6947033374971965	0.23300000124502684
PWY0-162	0.0025890869208993832	3.8241946125886352	4.100137019941473	3.7439904099448316	-0.3851242650144622	0.5472253850630513	-0.6261720031644671	0.26834633171669364
PWY0-166	4.5709162107442124e-4	3.4936706608232964	3.908100985598589	3.419049678730175	-0.46421392962814334	0.6226776292641016	-0.6576457171147351	0.2525494911939338
PWY0-321	0.0037170128541412213	0.3480466377976663	0.5975560018245192	0.25768107928319495	-0.326444705815673	0.3207989228089252	-0.8600583992968783	0.18616276917202743
PWY0-42	3.4143984761985866e-5	2.2741467257336643	2.968971245998648	2.113137514407435	-0.932951162327261	1.1076548385476315	-0.758695269696444	0.26140000102985084
PWY0-845	3.452502384911332e-4	1.6723841153288594	2.123593675186033	1.56184346357702	-0.519576238047021	0.48891625801384553	-0.9257000071624757	0.14817036824882063
PWY0-862	5.821180818597218e-5	3.6663905116997504	4.353461906028554	3.5834047399401023	-0.6636922612587761	0.7217550029581097	-0.7791629402832512	0.19756048949159255
PWY1G-0	3.644303993563309e-6	-0.385365233877927	-0.970983715602447	-0.19256237854150804	0.7856878356962289	0.5799419900042571	1.1961063073356868	0.05380000730437168
PWY490-3	0.0014801221369458912	-0.5530469083207583	-0.7519981487182523	-0.40244113283925564	0.36893616782482486	0.5069327519961702	0.7136703248948486	0.18340000176165544
PWY4FS-7	0.0038953334695943256	3.8765981674376047	4.142208246966964	3.7989263761037546	-0.3533511231827129	0.5310232446915593	-0.6027276968930391	0.2818000008984362
PWY4FS-8	0.003911716970893105	3.8769326478807478	4.151408584072225	3.798765817337485	-0.3572609226623489	0.5359079522278942	-0.5921783902272374	0.2662000009974186
PWYG-321	7.439784444779687e-5	3.825894887920201	4.496046538261405	3.7472986883208272	-0.6997974594640928	0.7022433860025932	-0.8000139366501543	0.20480000151052793
PYRIDNUCSAL-PWY	2.2655460634071593e-4	3.2547930599167336	3.699885461294831	3.177524602849917	-0.5170844929889746	0.6901390487637884	-0.6841224808820916	0.25674865133177954
PYRIDNUCSYN-PWY	0.0036005943161655845	3.545492379291209	3.83626580095083	3.469398702623163	-0.38469737253487324	0.5803020702029591	-0.5777840469788256	0.27740000092542133
PYRIDOXSYN-PWY	6.775166919428131e-5	3.0480373778638095	3.6057048027069523	2.9517492848456204	-0.6357587178076223	0.7879811727434118	-0.7183643040265759	0.24220000117050428
RHAMCAT-PWY	5.481078323321288e-4	0.6006126782369927	0.33997826354769156	0.8379874944804415	0.4894599991896733	0.6637180472263875	0.7008763924698425	0.19860000157809593
RIBOSYN2-PWY	0.002004187705942439	3.6327689470120936	3.939062023985082	3.555041034272343	-0.3986149400689025	0.5457299515824654	-0.6400179720205486	0.2594000010436637
SALVADEHYPOX-PWY	0.0014600611364849782	3.786536728760517	4.18573606121204	3.704029151739354	-0.47057861776520404	0.6267452737783898	-0.637416754331727	0.2698000009737338
SER-GLYSYN-PWY	0.0023750474381331803	3.9891738858112364	4.446855534283065	3.930046710616197	-0.45709137349041074	0.5945361320248219	-0.6374727803762409	0.2795440920935838
SO4ASSIM-PWY	2.185712508516567e-4	3.4955830976564046	4.151372816738856	3.4400732367187525	-0.6537625980379662	0.6973994417680927	-0.7116874617594204	0.26354729155670453
SULFATE-CYS-PWY	3.849021286162138e-4	3.649668560847134	4.224796638104839	3.5942455119854015	-0.5662021830682358	0.6599609805552036	-0.6809410125101298	0.25720000105906976
TCA	0.0022187931439078077	4.019473577731036	4.3104773115491355	3.959806109469242	-0.3594419436651255	0.5471055392159272	-0.5828458491964998	0.2741451719112689
TCA-GLYOX-BYPASS	2.1228620081541836e-4	3.4444298849199733	3.9771791117321365	3.380449917111945	-0.5351628234988395	0.7176626523469865	-0.6793855164786284	0.2703459317836376
THRESYN-PWY	0.001296847919945804	3.713142512319761	4.004731115314607	3.630360258938889	-0.3802694300155207	0.5149805628261346	-0.6393591049892096	0.25294941120702485
TRNA-CHARGING-PWY	0.0013201890666086659	3.655821213272847	3.971501623317604	3.570386323349991	-0.42392459941174554	0.5713800985439783	-0.6402334062906643	0.2590000010464483
TRPSYN-PWY	0.001934116994197258	3.7246385460880487	4.022558559483807	3.639612219411754	-0.37742839702376996	0.5568039267184846	-0.6168977009806063	0.2592000010450551
TYRFUMCAT-PWY	5.105089169231518e-5	2.7869365207630823	3.6381881427641405	2.688537494377443	-0.833511799284882	0.8932977797419115	-0.7454260081488847	0.25994801143736534
UBISYN-PWY	7.225393417084501e-5	3.2264902120227914	3.7815175989576018	3.145519745208188	-0.5924787606813924	0.7497512529742445	-0.7330359022413928	0.22540000131065344
UDPNAGSYN-PWY	0.0019027254107722004	3.693776470228042	3.993731827627502	3.6254440382268096	-0.3982695222099939	0.5906488456811188	-0.5846794046001407	0.2910000008441619
VALSYN-PWY	0.002912112101558499	4.620710313860906	4.968171755358865	4.562200724411674	-0.41741036274937127	0.6530376764030401	-0.5865703419965064	0.30260000077949806
